GDACS_ID,Continent,Country,ISO3,reason,source,reviewed_by,reviewed_at
FL-4221,Europe,Greece,GRC,typo,WIKI,M.H,TUWIEN
FL-4219,Africa,Malawi,MWI,typo,WIKI,M.H,TUWIEN
FL-4242,Asia,Kazakhstan,KAZ,typo,WIKI,M.H,TUWIEN
FL-4234,Africa,Tanzania,TZA,typo,WIKI,M.H,TUWIEN
FL-4230,North America,USA,USA,typo,WIKI,M.H,TUWIEN
FL-4250,South America,Colombia,COL,typo,WIKI,M.H,TUWIEN
FL-4252,North America,USA,USA,typo,WIKI,M.H,TUWIEN
FL-4254,Africa,Tanzania,TZA,typo,WIKI,M.H,TUWIEN
FL-4271,Africa,Cameroon,CMR,typo,WIKI,M.H,TUWIEN
FL-4267,North America,USA,USA,typo,WIKI,M.H,TUWIEN
FL-4281,South America,Paraguay,PRY,typo,WIKI,M.H,TUWIEN
FL-4279,North America,USA,USA,typo,WIKI,M.H,TUWIEN
FL-4274,North America,USA,USA,typo,WIKI,M.H,TUWIEN
FL-4284,Europe,North Macedonia,MKD,typo,WIKI,M.H,TUWIEN
FL-4295,North America,USA,USA,typo,WIKI,M.H,TUWIEN
FL-4301,South America,Uruguay,URY,typo,WIKI,M.H,TUWIEN
FL-4306,North America,Bahamas,BHS,typo,WIKI,M.H,TUWIEN
FL-4297,North America,Guatemala,GTM,typo,WIKI,M.H,TUWIEN
FL-4312,Asia,Maldives,MDV,typo,WIKI,M.H,TUWIEN
FL-4311,North America,USA,USA,typo,WIKI,M.H,TUWIEN
FL-4310,Asia,Qatar,QAT,typo,WIKI,M.H,TUWIEN
FL-4314,North America,USA,USA,typo,WIKI,M.H,TUWIEN
FL-4324,Africa,Tanzania,TZA,typo,WIKI,M.H,TUWIEN
FL-4320,North America,USA,USA,typo,WIKI,M.H,TUWIEN
FL-4346,South America,Uruguay,URY,typo,WIKI,M.H,TUWIEN
FL-4337,North America,USA,USA,typo,WIKI,M.H,TUWIEN
FL-4336,North America,USA,USA,typo,WIKI,M.H,TUWIEN
FL-4334,Europe,Serbia,SRB,typo,WIKI,M.H,TUWIEN
FL-4357,Africa,Tanzania,TZA,typo,WIKI,M.H,TUWIEN
FL-4352,Africa,Kenya,KEN,typo,WIKI,M.H,TUWIEN
FL-4348,North America,USA,USA,typo,WIKI,M.H,TUWIEN
FL-4347,Asia,Oman,OMN,typo,WIKI,M.H,TUWIEN
FL-4345,Africa,Somalia,SOM,typo,WIKI,M.H,TUWIEN
FL-4359,North America,USA,USA,typo,WIKI,M.H,TUWIEN
FL-4368,North America,USA,USA,typo,WIKI,M.H,TUWIEN
FL-4386,North America,USA,USA,typo,WIKI,M.H,TUWIEN
FL-4375,North America,Nicaragua,NIC,typo,WIKI,M.H,TUWIEN
FL-4390,Asia,Thailand,THA,typo,WIKI,M.H,TUWIEN
FL-4389,North America,USA,USA,typo,WIKI,M.H,TUWIEN
FL-4388,North America,USA,USA,typo,WIKI,M.H,TUWIEN
FL-4401,North America,Mexico,MEX,typo,WIKI,M.H,TUWIEN
FL-4391,Africa,Mali,MLI,typo,WIKI,M.H,TUWIEN
FL-4393,North America,USA,USA,typo,WIKI,M.H,TUWIEN
FL-4412,South America,Argentina,ARG,typo,WIKI,M.H,TUWIEN
FL-4402,North America,USA,USA,typo,WIKI,M.H,TUWIEN
FL-4425,Europe,Greece,GRC,typo,WIKI,M.H,TUWIEN
FL-4418,North America,Costa Rica,CRI,typo,WIKI,M.H,TUWIEN
FL-4426,Africa,Congo,COG,typo,WIKI,M.H,TUWIEN
FL-4430,Asia,Türkiye,TUR,typo,WIKI,M.H,TUWIEN
FL-1000049,North America,Honduras,HND,typo,WIKI,M.H,TUWIEN
FL-1000041,Oceania,French Polynesia,PYF,typo,WIKI,M.H,TUWIEN
FL-4438,North America,USA,USA,typo,WIKI,M.H,TUWIEN
FL-4434,North America,USA,USA,typo,WIKI,M.H,TUWIEN
FL-1000066,Africa,Mozambique,MOZ,typo,WIKI,M.H,TUWIEN
FL-1000058,Oceania,French Polynesia,PYF,typo,WIKI,M.H,TUWIEN
FL-1000054,Asia,Indonesia,IDN,typo,WIKI,M.H,TUWIEN
FL-1000078,Oceania,New Caledonia,NCL,typo,WIKI,M.H,TUWIEN
FL-1000079,Oceania,Vanuatu,VUT,typo,WIKI,M.H,TUWIEN
FL-1000076,Oceania,New Zealand,NZL,typo,WIKI,M.H,TUWIEN
FL-1000099,North America,Guatemala,GTM,typo,WIKI,M.H,TUWIEN
FL-1000093,Europe,Serbia,SRB,typo,WIKI,M.H,TUWIEN
FL-1000135,Asia,China,CHN,typo,WIKI,M.H,TUWIEN
FL-1000133,Asia,Afghanistan,AFG,typo,WIKI,M.H,TUWIEN
FL-1000144,North America,Multi-Country (Caribbean/USA),VAR,typo,WIKI,M.H,TUWIEN
FL-1000120,Asia,India,IND,typo,WIKI,M.H,TUWIEN
FL-1000129,Africa,DR Congo,COD,typo,WIKI,M.H,TUWIEN
FL-1000127,Africa,Sierra Leone,SLE,typo,WIKI,M.H,TUWIEN
FL-1000140,North America,Multi-Country (Caribbean/USA),VAR,typo,WIKI,M.H,TUWIEN
FL-1000146,Asia,Multi-Country (SE Asia),VAR,typo,WIKI,M.H,TUWIEN
FL-1000153,Asia,Multi-Country (Japan/Phil),VAR,typo,WIKI,M.H,TUWIEN
FL-1000145,Europe,Ireland/UK,VAR,typo,WIKI,M.H,TUWIEN
FL-1000148,North America,Multi-Country (C. America/USA),VAR,typo,WIKI,M.H,TUWIEN
FL-1000152,Asia,Thailand,THA,typo,WIKI,M.H,TUWIEN
FL-1000154,Asia,Multi-Country (SE Asia),VAR,typo,WIKI,M.H,TUWIEN
FL-1000163,South America,Argentina/Paraguay,VAR,typo,WIKI,M.H,TUWIEN
FL-1000156,Africa,Mauritius/Réunion,VAR,typo,WIKI,M.H,TUWIEN
FL-1000160,Africa,DR Congo,COD,typo,WIKI,M.H,TUWIEN
FL-1000167,Oceania,Tonga,TON,typo,WIKI,M.H,TUWIEN
FL-1000181,Europe/Asia,Russian Federation,RUS,typo,WIKI,M.H,TUWIEN
FL-1000171,North America,USA,USA,typo,WIKI,M.H,TUWIEN
FL-1000191,Asia,Israel,ISR,typo,WIKI,M.H,TUWIEN
FL-1000187,North America,Martinique,MTQ,typo,WIKI,M.H,TUWIEN
FL-1000186,Africa,Tanzania,TZA,typo,WIKI,M.H,TUWIEN
FL-1000184,Oceania,Multi-Country (Pacific),VAR,typo,WIKI,M.H,TUWIEN
FL-1000203,North America,Cuba/USA,VAR,typo,WIKI,M.H,TUWIEN
FL-1000199,Asia,Oman/Yemen,VAR,typo,WIKI,M.H,TUWIEN
FL-1000189,Asia,Türkiye,TUR,typo,WIKI,M.H,TUWIEN
FL-1000207,Africa,Côte d'Ivoire,CIV,typo,WIKI,M.H,TUWIEN
FL-1000206,Asia,Bangladesh,BGD,typo,WIKI,M.H,TUWIEN
FL-1000211,Asia,Myanmar,MMR,typo,WIKI,M.H,TUWIEN
FL-1000219,Asia,Indonesia,IDN,typo,WIKI,M.H,TUWIEN
FL-1000225,Asia,Iran,IRN,typo,WIKI,M.H,TUWIEN
FL-1100140,Asia,Maldives,MDV,typo,WIKI,M.H,TUWIEN
FL-1000234,North America,United States,USA,typo,WIKI,M.H,TUWIEN
FL-1000232,Europe,Croatia/Bosnia,VAR,typo,WIKI,M.H,TUWIEN
FL-1100141,Asia,Türkiye,TUR,typo,WIKI,M.H,TUWIEN
FL-1100148,Europe,Portugal,PRT,typo,WIKI,M.H,TUWIEN
FL-1100136,Asia,Afghanistan,AFG,typo,WIKI,M.H,TUWIEN
FL-1100147,North America,Haiti,HTI,typo,WIKI,M.H,TUWIEN
FL-1100107,Asia,Türkiye,TUR,typo,WIKI,M.H,TUWIEN
FL-1100106,North America,United States,USA,typo,WIKI,M.H,TUWIEN
FL-1100181,Asia,Cambodia,KHM,typo,WIKI,M.H,TUWIEN
FL-1100131,North America,United States,USA,typo,WIKI,M.H,TUWIEN
FL-1100134,Asia,China,CHN,typo,WIKI,M.H,TUWIEN
FL-1100124,Asia,Türkiye,TUR,typo,WIKI,M.H,TUWIEN
FL-1100129,Asia,India,IND,typo,WIKI,M.H,TUWIEN
FL-1100115,Asia,Türkiye,TUR,typo,WIKI,M.H,TUWIEN
FL-1100225,Asia,Türkiye,TUR,typo,WIKI,M.H,TUWIEN
FL-1100215,South America,Colombia,COL,typo,WIKI,M.H,TUWIEN
FL-1100203,Europe,Isle of Man,IMY,typo,WIKI,M.H,TUWIEN
FL-1100214,North America,United States,USA,typo,WIKI,M.H,TUWIEN
FL-1100194,North America,United States,USA,typo,WIKI,M.H,TUWIEN
FL-1100221,Asia,Sri Lanka,LKA,typo,WIKI,M.H,TUWIEN
FL-1100193,North America,Haiti,HTI,typo,WIKI,M.H,TUWIEN
FL-1100253,North America,Canada,CAN,typo,WIKI,M.H,TUWIEN
FL-1100283,Asia,Oman,OMN,typo,WIKI,M.H,TUWIEN
FL-1100245,Africa,Benin,BEN,typo,WIKI,M.H,TUWIEN
FL-1100277,Asia,Indonesia,IDN,typo,WIKI,M.H,TUWIEN
FL-1100233,Asia,Türkiye,TUR,typo,WIKI,M.H,TUWIEN
FL-1100288,Asia,Sri Lanka,LKA,typo,WIKI,M.H,TUWIEN
FL-1100254,North America,United States,USA,typo,WIKI,M.H,TUWIEN
FL-1100248,Africa,Tanzania,TZA,typo,WIKI,M.H,TUWIEN
FL-1100220,Europe,Ireland,IRL,typo,WIKI,M.H,TUWIEN
FL-1100208,Africa,Ethiopia,ETH,typo,WIKI,M.H,TUWIEN
FL-1100207,Africa,Côte d'Ivoire,CIV,typo,WIKI,M.H,TUWIEN
FL-1100290,North America,United States,USA,typo,WIKI,M.H,TUWIEN
FL-1100271,Europe,Greece,GRC,typo,WIKI,M.H,TUWIEN
FL-1100261,Africa,Djibouti,DJI,typo,WIKI,M.H,TUWIEN
FL-1100320,Africa,Tanzania,TZA,typo,WIKI,M.H,TUWIEN
FL-1100321,Africa,Zambia,ZMB,typo,WIKI,M.H,TUWIEN
FL-1100322,North America,United States,USA,typo,WIKI,M.H,TUWIEN
FL-1100323,Oceania,Fiji,FJI,typo,WIKI,M.H,TUWIEN
FL-1100315,Europe,Portugal,PRT,typo,WIKI,M.H,TUWIEN
FL-1100314,Europe,Ireland,IRL,typo,WIKI,M.H,TUWIEN
FL-1100311,Africa,South Africa,ZAF,typo,WIKI,M.H,TUWIEN
FL-1100295,Asia,Maldives,MDV,typo,WIKI,M.H,TUWIEN
FL-1100307,Asia,Vietnam,VNM,typo,WIKI,M.H,TUWIEN
FL-1100351,North America,Canada,CAN,typo,WIKI,M.H,TUWIEN
FL-1100363,Africa,Tanzania,TZA,typo,WIKI,M.H,TUWIEN
FL-1100352,North America,Guatemala,GTM,typo,WIKI,M.H,TUWIEN
FL-1100336,North America,United States,USA,typo,WIKI,M.H,TUWIEN
FL-1100334,Asia,Türkiye,TUR,typo,WIKI,M.H,TUWIEN
FL-1100377,Oceania,Samoa,WSM,typo,WIKI,M.H,TUWIEN
FL-1100372,Africa,Tanzania,TZA,typo,WIKI,M.H,TUWIEN
FL-1100381,North America,United States,USA,typo,WIKI,M.H,TUWIEN
FL-1100366,Europe,Ireland,IRL,typo,WIKI,M.H,TUWIEN
FL-1100346,Africa,Tanzania,TZA,typo,WIKI,M.H,TUWIEN
FL-1100367,North America,United States,USA,typo,WIKI,M.H,TUWIEN
FL-1100427,Europe,Spain,ESP,typo,WIKI,M.H,TUWIEN
FL-1100411,North America,United States,USA,typo,WIKI,M.H,TUWIEN
FL-1100412,North America,United States,USA,typo,WIKI,M.H,TUWIEN
FL-1100404,Africa,Madagascar,MDG,typo,WIKI,M.H,TUWIEN
FL-1100405,Africa,Tanzania,TZA,typo,WIKI,M.H,TUWIEN
FL-1100452,Asia,Indonesia,IDN,typo,WIKI,M.H,TUWIEN
FL-1100447,Africa,Djibouti,DJI,typo,WIKI,M.H,TUWIEN
FL-1100451,Africa,Tanzania,TZA,typo,WIKI,M.H,TUWIEN
FL-1100472,Africa,Côte d'Ivoire,CIV,typo,WIKI,M.H,TUWIEN
FL-1100477,North America,United States,USA,typo,WIKI,M.H,TUWIEN
FL-1100482,Asia,Sri Lanka,LKA,typo,WIKI,M.H,TUWIEN
FL-1100466,North America,Guatemala,GTM,typo,WIKI,M.H,TUWIEN
FL-1100527,North America,United States,USA,typo,WIKI,M.H,TUWIEN
FL-1100519,Asia,Türkiye,TUR,typo,WIKI,M.H,TUWIEN
FL-1100503,Africa,Côte d'Ivoire,CIV,typo,WIKI,M.H,TUWIEN
FL-1100501,Asia,Türkiye,TUR,typo,WIKI,M.H,TUWIEN
FL-1100512,Europe,Serbia,SRB,typo,WIKI,M.H,TUWIEN
FL-1100518,Asia,Thailand,THA,typo,WIKI,M.H,TUWIEN
FL-1100506,Africa,Côte d'Ivoire,CIV,typo,WIKI,M.H,TUWIEN
FL-1100502,North America,Mexico,MEX,typo,WIKI,M.H,TUWIEN
FL-1100491,North America,United States,USA,typo,WIKI,M.H,TUWIEN
FL-1100562,Asia,Laos,LAO,typo,WIKI,M.H,TUWIEN
FL-1100557,North America,Mexico,MEX,typo,WIKI,M.H,TUWIEN
FL-1100542,Europe,Italy,ITA,typo,WIKI,M.H,TUWIEN
FL-1100538,Asia,Türkiye,TUR,typo,WIKI,M.H,TUWIEN
FL-1100602,Europe,Ireland,IRL,typo,WIKI,M.H,TUWIEN
FL-1100593,Europe,Ireland,IRL,typo,WIKI,M.H,TUWIEN
FL-1100590,Asia,Türkiye,TUR,typo,WIKI,M.H,TUWIEN
FL-1100567,Europe,Greece,GRC,typo,WIKI,M.H,TUWIEN
FL-1100632,North America,El Salvador,SLV,typo,WIKI,M.H,TUWIEN
FL-1100621,North America,United States,USA,typo,WIKI,M.H,TUWIEN
FL-1100609,Africa,Cape Verde,CPV,typo,WIKI,M.H,TUWIEN
FL-1100603,North America,Honduras,HND,typo,WIKI,M.H,TUWIEN
FL-1100601,Asia,North Korea,PRK,typo,WIKI,M.H,TUWIEN
FL-1100660,Europe,Greece,GRC,typo,WIKI,M.H,TUWIEN
FL-1100655,Asia,Philippines,PHL,typo,WIKI,M.H,TUWIEN
FL-1100642,Africa,Tanzania,TZA,typo,WIKI,M.H,TUWIEN
FL-1100692,North America,United States,USA,typo,WIKI,M.H,TUWIEN
FL-1100689,Asia,Malaysia,MYS,typo,WIKI,M.H,TUWIEN
FL-1100688,Asia,Iraq,IRQ,typo,WIKI,M.H,TUWIEN
FL-1100693,Asia,Malaysia,MYS,typo,WIKI,M.H,TUWIEN
FL-1100680,Africa,South Africa,ZAF,typo,WIKI,M.H,TUWIEN
FL-1100675,North America,United States,USA,typo,WIKI,M.H,TUWIEN
FL-1100673,Asia,Thailand,THA,typo,WIKI,M.H,TUWIEN
FL-1100669,North America,Costa Rica,CRI,typo,WIKI,M.H,TUWIEN
FL-1100714,Europe,France,FRA,typo,WIKI,M.H,TUWIEN
FL-1100707,Africa,Madagascar,MDG,typo,WIKI,M.H,TUWIEN
FL-1100708,Europe,Portugal,PRT,typo,WIKI,M.H,TUWIEN
FL-1100703,Oceania,Samoa,WSM,typo,WIKI,M.H,TUWIEN
FL-1100694,Asia,Indonesia,IDN,typo,WIKI,M.H,TUWIEN
FL-1100698,Asia,Türkiye,TUR,typo,WIKI,M.H,TUWIEN
FL-1100685,Africa,Mozambique,MOZ,typo,WIKI,M.H,TUWIEN
FL-1100750,Europe,France,FRA,typo,WIKI,M.H,TUWIEN
FL-1100746,North America,United States,USA,typo,WIKI,M.H,TUWIEN
FL-1100741,Asia,Türkiye,TUR,typo,WIKI,M.H,TUWIEN
FL-1100745,Africa,Eswatini,SWZ,typo,WIKI,M.H,TUWIEN
FL-1100753,Oceania,Vanuatu,VUT,typo,WIKI,M.H,TUWIEN
FL-1100738,Asia,Türkiye,TUR,typo,WIKI,M.H,TUWIEN
FL-1100727,North America,United States,USA,typo,WIKI,M.H,TUWIEN
FL-1100726,Africa,Tanzania,TZA,typo,WIKI,M.H,TUWIEN
FL-1100781,Africa,Tanzania,TZA,typo,WIKI,M.H,TUWIEN
FL-1100777,Oceania,Australia,AUS,typo,WIKI,M.H,TUWIEN
FL-1100816,Asia,Indonesia,IDN,typo,WIKI,M.H,TUWIEN
FL-1100771,Europe,Ireland,IRL,typo,WIKI,M.H,TUWIEN
FL-1100762,South America,Argentina,ARG,typo,WIKI,M.H,TUWIEN
FL-1100757,Africa,Morocco,MAR,typo,WIKI,M.H,TUWIEN
FL-1100804,North America,United States,USA,typo,WIKI,M.H,TUWIEN
FL-1100811,Asia,Indonesia,IDN,typo,WIKI,M.H,TUWIEN
FL-1100817,North America,United States,USA,typo,WIKI,M.H,TUWIEN
FL-1100795,Africa,DR Congo,COD,typo,WIKI,M.H,TUWIEN
FL-1100793,Asia,Philippines,PHL,typo,WIKI,M.H,TUWIEN
FL-1100790,North America,United States,USA,typo,WIKI,M.H,TUWIEN
FL-1100851,Asia,Indonesia,IDN,typo,WIKI,M.H,TUWIEN
FL-1100876,Africa,Seychelles,SYC,typo,WIKI,M.H,TUWIEN
FL-1100862,Africa,Somalia,SOM,typo,WIKI,M.H,TUWIEN
FL-1100855,North America,United States,USA,typo,WIKI,M.H,TUWIEN
FL-1100854,North America,St Lucia/St Vincent,VAR,typo,WIKI,M.H,TUWIEN
FL-1100873,Africa,Congo-Brazzaville,COG,typo,WIKI,M.H,TUWIEN
FL-1100820,Asia,Philippines,PHL,typo,WIKI,M.H,TUWIEN
FL-1100843,Africa,Kenya,KEN,typo,WIKI,M.H,TUWIEN
FL-1100827,Asia,Indonesia,IDN,typo,WIKI,M.H,TUWIEN
FL-1100828,Asia,Singapore,SGP,typo,WIKI,M.H,TUWIEN
FL-1100826,North America,United States,USA,typo,WIKI,M.H,TUWIEN
FL-1100822,Africa,Mauritius,MUS,typo,WIKI,M.H,TUWIEN
FL-1100823,Africa,Tanzania,TZA,typo,WIKI,M.H,TUWIEN
FL-1100810,Asia,Indonesia,IDN,typo,WIKI,M.H,TUWIEN
FL-1100907,Europe,Belgium,BEL,typo,WIKI,M.H,TUWIEN
FL-1100906,Asia,Pakistan,PAK,typo,WIKI,M.H,TUWIEN
FL-1100902,Asia,Bangladesh,BGD,typo,WIKI,M.H,TUWIEN
FL-1100896,North America,United States,USA,typo,WIKI,M.H,TUWIEN
FL-1100894,Europe,Ukraine,UKR,typo,WIKI,M.H,TUWIEN
FL-1100890,Europe,France,FRA,typo,WIKI,M.H,TUWIEN
FL-1100883,Asia,India,IND,typo,WIKI,M.H,TUWIEN
FL-1100881,North America,United States,USA,typo,WIKI,M.H,TUWIEN
FL-1100903,Asia,Maldives,MDV,typo,WIKI,M.H,TUWIEN
FL-1100886,Asia,Uzbekistan,UZB,typo,WIKI,M.H,TUWIEN
FL-1100925,North America,United States,USA,typo,WIKI,M.H,TUWIEN
FL-1100935,Europe,Italy,ITA,typo,WIKI,M.H,TUWIEN
FL-1100954,North America,Canada,CAN,typo,WIKI,M.H,TUWIEN
FL-1100939,Europe,Switzerland,CHE,typo,WIKI,M.H,TUWIEN
FL-1100927,Africa,Côte d'Ivoire,CIV,typo,WIKI,M.H,TUWIEN
FL-1100918,Asia,Laos,LAO,typo,WIKI,M.H,TUWIEN
FL-1100908,Asia,Türkiye,TUR,typo,WIKI,M.H,TUWIEN
FL-1100960,North America,United States,USA,typo,WIKI,M.H,TUWIEN
FL-1101013,Asia,Philippines,PHL,typo,WIKI,M.H,TUWIEN
FL-1100995,Asia,Bangladesh,BGD,typo,WIKI,M.H,TUWIEN
FL-1100991,North America,Panama,PAN,typo,WIKI,M.H,TUWIEN
FL-1100974,Asia,Türkiye,TUR,typo,WIKI,M.H,TUWIEN
FL-1100996,Asia,Kyrgyzstan,KGZ,typo,WIKI,M.H,TUWIEN
FL-1100999,Asia,Tajikistan,TJK,typo,WIKI,M.H,TUWIEN
FL-1100969,Europe,Italy,ITA,typo,WIKI,M.H,TUWIEN
FL-1100966,Europe,Austria,AUT,typo,WIKI,M.H,TUWIEN
FL-1100959,North America,Canada,CAN,typo,WIKI,M.H,TUWIEN
FL-1101034,Africa,The Gambia,GMB,typo,WIKI,M.H,TUWIEN
FL-1100944,Europe,Denmark,DNK,typo,WIKI,M.H,TUWIEN
FL-1100943,Africa,Sierra Leone,SLE,typo,WIKI,M.H,TUWIEN
FL-1100951,Asia,Türkiye,TUR,typo,WIKI,M.H,TUWIEN
FL-1101040,North America,United States,USA,typo,WIKI,M.H,TUWIEN
FL-1101209,Africa,Congo-Brazzaville,COG,typo,WIKI,M.H,TUWIEN
FL-1101061,Asia,Cambodia,KHM,typo,WIKI,M.H,TUWIEN
FL-1101043,Africa,DR Congo,COD,typo,WIKI,M.H,TUWIEN
FL-1101035,Africa,Somalia,SOM,typo,WIKI,M.H,TUWIEN
FL-1101031,Asia,Türkiye,TUR,typo,WIKI,M.H,TUWIEN
FL-1101028,Europe,United Kingdom,GBR,typo,WIKI,M.H,TUWIEN
FL-1101019,Asia,China,CHN,typo,WIKI,M.H,TUWIEN
FL-1101026,Europe,Spain,ESP,typo,WIKI,M.H,TUWIEN
FL-1101157,Asia,Japan,JPN,typo,WIKI,M.H,TUWIEN
FL-1101094,Europe,Spain,ESP,typo,WIKI,M.H,TUWIEN
FL-1101105,South America,Colombia,COL,typo,WIKI,M.H,TUWIEN
FL-1101115,North America,United States,USA,typo,WIKI,M.H,TUWIEN
FL-1101101,Africa,Congo-Brazzaville,COG,typo,WIKI,M.H,TUWIEN
FL-1101097,North America,Guatemala,GTM,typo,WIKI,M.H,TUWIEN
FL-1101085,Asia,China,CHN,typo,WIKI,M.H,TUWIEN
FL-1101084,Asia,Cambodia,KHM,typo,WIKI,M.H,TUWIEN
FL-1101072,Asia,Malaysia,MYS,typo,WIKI,M.H,TUWIEN
FL-1101156,North America,United States,USA,typo,WIKI,M.H,TUWIEN
FL-1101151,North America,Honduras,HND,typo,WIKI,M.H,TUWIEN
FL-1101129,Africa,Algeria,DZA,typo,WIKI,M.H,TUWIEN
FL-1101134,Africa,Côte d'Ivoire,CIV,typo,WIKI,M.H,TUWIEN
FL-1101121,Europe,Greece,GRC,typo,WIKI,M.H,TUWIEN
FL-1101187,Asia,Türkiye,TUR,typo,WIKI,M.H,TUWIEN
FL-1101183,Europe,Malta,MLT,typo,WIKI,M.H,TUWIEN
FL-1101182,Europe,Portugal,PRT,typo,WIKI,M.H,TUWIEN
FL-1101179,Africa,Egypt,EGY,typo,WIKI,M.H,TUWIEN
FL-1101174,North America,Canada,CAN,typo,WIKI,M.H,TUWIEN
FL-1101168,Africa,Côte d'Ivoire,CIV,typo,WIKI,M.H,TUWIEN
FL-1101225,North America,United States,USA,typo,WIKI,M.H,TUWIEN
FL-1101256,Africa,São Tomé and Príncipe,STP,typo,WIKI,M.H,TUWIEN
FL-1101247,North America,United States,USA,typo,WIKI,M.H,TUWIEN
FL-1101235,Asia,Indonesia,IDN,typo,WIKI,M.H,TUWIEN
FL-1101233,Asia,Afghanistan,AFG,typo,WIKI,M.H,TUWIEN
FL-1101241,Asia,Türkiye,TUR,typo,WIKI,M.H,TUWIEN
FL-1101246,Africa,South Africa,ZAF,typo,WIKI,M.H,TUWIEN
FL-1101224,Europe,Ireland,IRL,typo,WIKI,M.H,TUWIEN
FL-1101215,Asia,Cyprus,CYP,typo,WIKI,M.H,TUWIEN
FL-1101203,North America,United States,USA,typo,WIKI,M.H,TUWIEN
FL-1101281,Europe,France,FRA,typo,WIKI,M.H,TUWIEN
FL-1101273,North America,Dominican Republic,DOM,typo,WIKI,M.H,TUWIEN
FL-1101277,Europe,Denmark,DNK,typo,WIKI,M.H,TUWIEN
FL-1101276,Europe,Spain,ESP,typo,WIKI,M.H,TUWIEN
FL-1101278,South America,Uruguay,URY,typo,WIKI,M.H,TUWIEN
FL-1101261,Oceania,Tonga,TON,typo,WIKI,M.H,TUWIEN
FL-1101251,Europe,France,FRA,typo,WIKI,M.H,TUWIEN
FL-1101300,Africa,Tanzania,TZA,typo,WIKI,M.H,TUWIEN
FL-1101255,Oceania,Fiji,FJI,typo,WIKI,M.H,TUWIEN
FL-1101253,Asia,Türkiye,TUR,typo,WIKI,M.H,TUWIEN
FL-1101248,North America,Guatemala,GTM,typo,WIKI,M.H,TUWIEN
FL-1101309,Africa,DR Congo/Congo-Brazzaville,VAR,typo,WIKI,M.H,TUWIEN
FL-1101294,Europe,France,FRA,typo,WIKI,M.H,TUWIEN
FL-1101288,North America,United States,USA,typo,WIKI,M.H,TUWIEN
FL-1101296,Asia,Philippines,PHL,typo,WIKI,M.H,TUWIEN
FL-1101318,Africa,Seychelles,SYC,typo,WIKI,M.H,TUWIEN
FL-1101324,North America,United States,USA,typo,WIKI,M.H,TUWIEN
FL-1101313,South America,Venezuela,VEN,typo,WIKI,M.H,TUWIEN
FL-1101311,Africa,Madagascar,MDG,typo,WIKI,M.H,TUWIEN
FL-1101312,North America,Dominican Republic,DOM,typo,WIKI,M.H,TUWIEN
FL-1101395,Asia,Türkiye,TUR,typo,WIKI,M.H,TUWIEN
FL-1101392,Africa,Uganda,UGA,typo,WIKI,M.H,TUWIEN
FL-1101397,Africa,Tanzania,TZA,typo,WIKI,M.H,TUWIEN
FL-1101357,Europe,Italy,ITA,typo,WIKI,M.H,TUWIEN
FL-1101354,Africa,South Africa,ZAF,typo,WIKI,M.H,TUWIEN
FL-1101351,Asia,Türkiye,TUR,typo,WIKI,M.H,TUWIEN
FL-1101345,North America,United States,USA,typo,WIKI,M.H,TUWIEN
FL-1101461,Asia,Japan,JPN,typo,WIKI,M.H,TUWIEN
FL-1101441,Africa,São Tomé and Príncipe,STP,typo,WIKI,M.H,TUWIEN
FL-1101429,Africa,South Africa,ZAF,typo,WIKI,M.H,TUWIEN
FL-1101430,Africa,Côte d'Ivoire,CIV,typo,WIKI,M.H,TUWIEN
FL-1101400,North America,United States,USA,typo,WIKI,M.H,TUWIEN
FL-1101495,North America,United States,USA,typo,WIKI,M.H,TUWIEN
FL-1101529,Asia,Thailand,THA,typo,WIKI,M.H,TUWIEN
FL-1101515,Asia,North Korea,PRK,typo,WIKI,M.H,TUWIEN
FL-1101507,North America,Costa Rica,CRI,typo,WIKI,M.H,TUWIEN
FL-1101505,Europe,Germany,DEU,typo,WIKI,M.H,TUWIEN
FL-1101486,Asia,Türkiye,TUR,typo,WIKI,M.H,TUWIEN
FL-1101503,Europe,France,FRA,typo,WIKI,M.H,TUWIEN
FL-1101501,Europe,Serbia,SRB,typo,WIKI,M.H,TUWIEN
FL-1101487,Africa,Côte d'Ivoire,CIV,typo,WIKI,M.H,TUWIEN
FL-1101460,North America,United States,USA,typo,WIKI,M.H,TUWIEN
FL-1101468,Europe,Germany,DEU,typo,WIKI,M.H,TUWIEN
FL-1101465,Europe,Belgium,BEL,typo,WIKI,M.H,TUWIEN
FL-1101459,North America,Cuba,CUB,typo,WIKI,M.H,TUWIEN
FL-1101470,Asia,Türkiye,TUR,typo,WIKI,M.H,TUWIEN
FL-1101568,North America,Mexico,MEX,typo,WIKI,M.H,TUWIEN
FL-1101572,Asia,Philippines,PHL,typo,WIKI,M.H,TUWIEN
FL-1101562,Africa,The Gambia,GMB,typo,WIKI,M.H,TUWIEN
FL-1101575,Europe,Serbia,SRB,typo,WIKI,M.H,TUWIEN
FL-1101559,Asia,Qatar,QAT,typo,WIKI,M.H,TUWIEN
FL-1101524,North America,Panama,PAN,typo,WIKI,M.H,TUWIEN
FL-1101530,Asia,Indonesia,IDN,typo,WIKI,M.H,TUWIEN
FL-1101629,Europe,Italy,ITA,typo,WIKI,M.H,TUWIEN
FL-1101628,Asia,Türkiye,TUR,typo,WIKI,M.H,TUWIEN
FL-1101622,Europe,Estonia,EST,typo,WIKI,M.H,TUWIEN
FL-1101607,Europe,Bulgaria,BGR,typo,WIKI,M.H,TUWIEN
FL-1101579,Europe,France,FRA,typo,WIKI,M.H,TUWIEN
FL-1101602,Europe,Austria,AUT,typo,WIKI,M.H,TUWIEN
FL-1101616,Africa,Sierra Leone,SLE,typo,WIKI,M.H,TUWIEN
FL-1101596,Oceania,New Zealand,NZL,typo,WIKI,M.H,TUWIEN
FL-1101651,Africa,Sudan,SDN,typo,WIKI,M.H,TUWIEN
FL-1101618,Asia,Türkiye,TUR,typo,WIKI,M.H,TUWIEN
FL-1101587,Asia,China,CHN,typo,WIKI,M.H,TUWIEN
FL-1101581,Europe,Portugal,PRT,typo,WIKI,M.H,TUWIEN
FL-1101654,Asia,Philippines,PHL,typo,WIKI,M.H,TUWIEN
FL-1101677,North America,Canada,CAN,typo,WIKI,M.H,TUWIEN
FL-1101676,South America,Venezuela,VEN,typo,WIKI,M.H,TUWIEN
FL-1101640,Europe,France,FRA,typo,WIKI,M.H,TUWIEN
FL-1101633,North America,United States,USA,typo,WIKI,M.H,TUWIEN
FL-1101653,Asia,India,IND,typo,WIKI,M.H,TUWIEN
FL-1101649,Europe,Denmark,DNK,typo,WIKI,M.H,TUWIEN
FL-1101644,Europe,United Kingdom,GBR,typo,WIKI,M.H,TUWIEN
FL-1101639,Asia,North Korea,PRK,typo,WIKI,M.H,TUWIEN
FL-1101634,Africa,The Gambia,GMB,typo,WIKI,M.H,TUWIEN
FL-1101717,Asia,Indonesia,IDN,typo,WIKI,M.H,TUWIEN
FL-1101721,Asia,Malaysia,MYS,typo,WIKI,M.H,TUWIEN
FL-1101710,Asia,Philippines,PHL,typo,WIKI,M.H,TUWIEN
FL-1101707,Africa,Algeria,DZA,typo,WIKI,M.H,TUWIEN
FL-1101702,Europe,Italy,ITA,typo,WIKI,M.H,TUWIEN
FL-1101756,Asia,Türkiye,TUR,typo,WIKI,M.H,TUWIEN
FL-1101762,Africa,Libya,LBY,typo,WIKI,M.H,TUWIEN
FL-1101752,Europe,France,FRA,typo,WIKI,M.H,TUWIEN
FL-1101732,North America,Mexico,MEX,typo,WIKI,M.H,TUWIEN
FL-1101731,Asia,Israel,ISR,typo,WIKI,M.H,TUWIEN
FL-1101726,North America,Dominican Republic,DOM,typo,WIKI,M.H,TUWIEN
FL-1101728,North America,United States,USA,typo,WIKI,M.H,TUWIEN
FL-1101723,North America,Belize,BLZ,typo,WIKI,M.H,TUWIEN
FL-1101796,North America,United States,USA,typo,WIKI,M.H,TUWIEN
FL-1101800,Europe,United Kingdom,GBR,typo,WIKI,M.H,TUWIEN
FL-1101794,Asia,Israel,ISR,typo,WIKI,M.H,TUWIEN
FL-1101791,Europe,Albania,ALB,typo,WIKI,M.H,TUWIEN
FL-1101780,Asia,Türkiye,TUR,typo,WIKI,M.H,TUWIEN
FL-1101782,North America,United States,USA,typo,WIKI,M.H,TUWIEN
FL-1101775,Europe,Croatia,HRV,typo,WIKI,M.H,TUWIEN
FL-1101773,Europe,France,FRA,typo,WIKI,M.H,TUWIEN
FL-1101843,Asia,India,IND,typo,WIKI,M.H,TUWIEN
FL-1101816,Europe,France,FRA,typo,WIKI,M.H,TUWIEN
FL-1101834,Europe,Kosovo,XXK,typo,WIKI,M.H,TUWIEN
FL-1101819,Asia,Pakistan,PAK,typo,WIKI,M.H,TUWIEN
FL-1101813,Asia,Cyprus,CYP,typo,WIKI,M.H,TUWIEN
FL-1101820,Asia,Thailand,THA,typo,WIKI,M.H,TUWIEN
FL-1101809,Asia,Türkiye,TUR,typo,WIKI,M.H,TUWIEN
FL-1101852,North America,United States,USA,typo,WIKI,M.H,TUWIEN
FL-1101875,Asia,Indonesia,IDN,typo,WIKI,M.H,TUWIEN
FL-1101879,Oceania,Australia,AUS,typo,WIKI,M.H,TUWIEN
FL-1101878,Europe,Spain,ESP,typo,WIKI,M.H,TUWIEN
FL-1101872,Asia,Sri Lanka,LKA,typo,WIKI,M.H,TUWIEN
FL-1101871,Europe,France,FRA,typo,WIKI,M.H,TUWIEN
FL-1101854,Asia,Syria,SYR,typo,WIKI,M.H,TUWIEN
FL-1101919,Africa,DR Congo,COD,typo,WIKI,M.H,TUWIEN
FL-1101920,Asia,Indonesia,IDN,typo,WIKI,M.H,TUWIEN
FL-1101916,Africa,Burundi,BDI,typo,WIKI,M.H,TUWIEN
FL-1101907,North America,United States,USA,typo,WIKI,M.H,TUWIEN
FL-1101889,Asia,Türkiye,TUR,typo,WIKI,M.H,TUWIEN
FL-1101898,Africa,Côte d'Ivoire,CIV,typo,WIKI,M.H,TUWIEN
FL-1101981,Africa,DR Congo,COD,typo,WIKI,M.H,TUWIEN
FL-1101969,Europe,Austria,AUT,typo,WIKI,M.H,TUWIEN
FL-1101968,North America,United States,USA,typo,WIKI,M.H,TUWIEN
FL-1101933,North America,United States,USA,typo,WIKI,M.H,TUWIEN
FL-1101964,Asia,Türkiye,TUR,typo,WIKI,M.H,TUWIEN
FL-1101961,North America,Trinidad & Tobago,TTO,typo,WIKI,M.H,TUWIEN
FL-1101952,Europe,Bulgaria,BGR,typo,WIKI,M.H,TUWIEN
FL-1101932,Africa,Tanzania,TZA,typo,WIKI,M.H,TUWIEN
FL-1101949,Africa,DR Congo,COD,typo,WIKI,M.H,TUWIEN
FL-1101939,Asia,Iran,IRN,typo,WIKI,M.H,TUWIEN
FL-1101941,Africa,Tanzania,TZA,typo,WIKI,M.H,TUWIEN
FL-1101937,Asia,Philippines,PHL,typo,WIKI,M.H,TUWIEN
FL-1102044,Asia,China,CHN,typo,WIKI,M.H,TUWIEN
FL-1102028,North America,United States,USA,typo,WIKI,M.H,TUWIEN
FL-1102011,Oceania,New Zealand,NZL,typo,WIKI,M.H,TUWIEN
FL-1102027,Asia,Iran,IRN,typo,WIKI,M.H,TUWIEN
FL-1102026,Europe,North Macedonia,MKD,typo,WIKI,M.H,TUWIEN
FL-1102017,Asia,Türkiye,TUR,typo,WIKI,M.H,TUWIEN
FL-1101994,North America,United States,USA,typo,WIKI,M.H,TUWIEN
FL-1102008,Europe,Serbia,SRB,typo,WIKI,M.H,TUWIEN
FL-1102005,Europe,Bosnia & Herzegovina,BIH,typo,WIKI,M.H,TUWIEN
FL-1102002,Africa,South Africa,ZAF,typo,WIKI,M.H,TUWIEN
FL-1101999,Asia,Sri Lanka,LKA,typo,WIKI,M.H,TUWIEN
FL-1102001,Africa,Algeria,DZA,typo,WIKI,M.H,TUWIEN
FL-1102000,Asia,Bangladesh,BGD,typo,WIKI,M.H,TUWIEN
FL-1101992,Africa,Sierra Leone,SLE,typo,WIKI,M.H,TUWIEN
FL-1101980,Asia,Philippines,PHL,typo,WIKI,M.H,TUWIEN
FL-1102075,North America,United States,USA,typo,WIKI,M.H,TUWIEN
FL-1102117,Europe,Russia,RUS,typo,WIKI,M.H,TUWIEN
FL-1102105,Europe,Latvia,LVA,typo,WIKI,M.H,TUWIEN
FL-1102101,North America,Barbados,BRB,typo,WIKI,M.H,TUWIEN
FL-1102099,Africa,Côte d'Ivoire,CIV,typo,WIKI,M.H,TUWIEN
FL-1102072,Europe,Ireland,IRL,typo,WIKI,M.H,TUWIEN
FL-1102057,Asia,Iran,IRN,typo,WIKI,M.H,TUWIEN
FL-1102067,Europe,Russia,RUS,typo,WIKI,M.H,TUWIEN
FL-1102065,North America,Trinidad & Tobago,TTO,typo,WIKI,M.H,TUWIEN
FL-1102045,Asia,Türkiye,TUR,typo,WIKI,M.H,TUWIEN
FL-1102062,Europe,Serbia,SRB,typo,WIKI,M.H,TUWIEN
FL-1102060,Africa,Côte d'Ivoire,CIV,typo,WIKI,M.H,TUWIEN
FL-1102058,Oceania,Samoa,WSM,typo,WIKI,M.H,TUWIEN
FL-1102051,Europe,Portugal,PRT,typo,WIKI,M.H,TUWIEN
FL-1102041,Asia,Japan,JPN,typo,WIKI,M.H,TUWIEN
FL-1102147,Asia,Philippines,PHL,typo,WIKI,M.H,TUWIEN
FL-1102127,Europe,France,FRA,typo,WIKI,M.H,TUWIEN
FL-1102121,Africa,Côte d'Ivoire,CIV,typo,WIKI,M.H,TUWIEN
FL-1102118,Europe,Serbia,SRB,typo,WIKI,M.H,TUWIEN
FL-1102114,Asia,Philippines,PHL,typo,WIKI,M.H,TUWIEN
FL-1102216,Asia,Türkiye,TUR,typo,WIKI,M.H,TUWIEN
FL-1102187,Europe,Serbia,SRB,typo,WIKI,M.H,TUWIEN
FL-1102181,Asia,Indonesia,IDN,typo,WIKI,M.H,TUWIEN
FL-1102170,Europe,Norway,NOR,typo,WIKI,M.H,TUWIEN
FL-1102163,Asia,Bangladesh,BGD,typo,WIKI,M.H,TUWIEN
FL-1102161,Asia,Iran,IRN,typo,WIKI,M.H,TUWIEN
FL-1102244,Africa,DR Congo,COD,typo,WIKI,M.H,TUWIEN
FL-1102242,Asia,Türkiye,TUR,typo,WIKI,M.H,TUWIEN
FL-1102206,North America,United States,USA,typo,WIKI,M.H,TUWIEN
FL-1102241,Europe,Ireland,IRL,typo,WIKI,M.H,TUWIEN
FL-1102240,Africa,Côte d'Ivoire,CIV,typo,WIKI,M.H,TUWIEN
FL-1102228,Africa,Comoros,COM,typo,WIKI,M.H,TUWIEN
FL-1102226,Africa,DR Congo,COD,typo,WIKI,M.H,TUWIEN
FL-1102220,Africa,South Africa,ZAF,typo,WIKI,M.H,TUWIEN
FL-1102204,Africa,Libya,LBY,typo,WIKI,M.H,TUWIEN
FL-1102232,Asia,Malaysia,MYS,typo,WIKI,M.H,TUWIEN
FL-1102214,Asia,N/A,N/A,typo,WIKI,M.H,TUWIEN
FL-1102200,Asia,Türkiye,TUR,typo,WIKI,M.H,TUWIEN
FL-1102305,Africa,Malawi,MWI,typo,WIKI,M.H,TUWIEN
FL-1102302,North America,El Salvador,SLV,typo,WIKI,M.H,TUWIEN
FL-1102293,North America,United States,USA,typo,WIKI,M.H,TUWIEN
FL-1102300,Africa,DR Congo,COD,typo,WIKI,M.H,TUWIEN
FL-1102291,Asia,Bangladesh,BGD,typo,WIKI,M.H,TUWIEN
FL-1102272,Asia,Philippines,PHL,typo,WIKI,M.H,TUWIEN
FL-1102285,Asia,Oman,OMN,typo,WIKI,M.H,TUWIEN
FL-1102281,Europe,France,FRA,typo,WIKI,M.H,TUWIEN
FL-1102287,South America,Uruguay,URY,typo,WIKI,M.H,TUWIEN
FL-1102278,Africa,Tanzania,TZA,typo,WIKI,M.H,TUWIEN
FL-1102283,South America,Argentina,ARG,typo,WIKI,M.H,TUWIEN
FL-1102259,Asia,Iran,IRN,typo,WIKI,M.H,TUWIEN
FL-1102252,Asia,Indonesia,IDN,typo,WIKI,M.H,TUWIEN
FL-1102347,Africa,DR Congo,COD,typo,WIKI,M.H,TUWIEN
FL-1102406,Europe,France,FRA,typo,WIKI,M.H,TUWIEN
FL-1102371,South America,Uruguay,URY,typo,WIKI,M.H,TUWIEN
FL-1102367,Europe,Spain,ESP,typo,WIKI,M.H,TUWIEN
FL-1102361,Europe,Russia,RUS,typo,WIKI,M.H,TUWIEN
FL-1102344,Asia,Türkiye,TUR,typo,WIKI,M.H,TUWIEN
FL-1102345,Asia,Bangladesh,BGD,typo,WIKI,M.H,TUWIEN
FL-1102343,Asia,Iran,IRN,typo,WIKI,M.H,TUWIEN
FL-1102342,North America,Dominican Republic,DOM,typo,WIKI,M.H,TUWIEN
FL-1102340,North America,United States,USA,typo,WIKI,M.H,TUWIEN
FL-1102321,North America,Trinidad & Tobago,TTO,typo,WIKI,M.H,TUWIEN
FL-1102318,Asia,Türkiye,TUR,typo,WIKI,M.H,TUWIEN
FL-1102320,Africa,Tanzania,TZA,typo,WIKI,M.H,TUWIEN
FL-1102313,Asia,Iran,IRN,typo,WIKI,M.H,TUWIEN
FL-1102424,Asia,Maldives,MDV,typo,WIKI,M.H,TUWIEN
FL-1102412,Africa,DR Congo,COD,typo,WIKI,M.H,TUWIEN
FL-1102368,North America,United States,USA,typo,WIKI,M.H,TUWIEN
FL-1102405,Africa,South Africa,ZAF,typo,WIKI,M.H,TUWIEN
FL-1102402,North America,Trinidad & Tobago,TTO,typo,WIKI,M.H,TUWIEN
FL-1102396,Europe,Switzerland,CHE,typo,WIKI,M.H,TUWIEN
FL-1102384,Asia,Türkiye,TUR,typo,WIKI,M.H,TUWIEN
FL-1102391,North America,Honduras,HND,typo,WIKI,M.H,TUWIEN
FL-1102387,Africa,Seychelles,SYC,typo,WIKI,M.H,TUWIEN
FL-1102370,Africa,Tanzania,TZA,typo,WIKI,M.H,TUWIEN
FL-1102430,North America,United States,USA,typo,WIKI,M.H,TUWIEN
FL-1102453,Africa,DR Congo,COD,typo,WIKI,M.H,TUWIEN
FL-1102448,North America,Mexico,MEX,typo,WIKI,M.H,TUWIEN
FL-1102451,Oceania,Marshall Islands,MHL,typo,WIKI,M.H,TUWIEN
FL-1102441,Africa,DR Congo,COD,typo,WIKI,M.H,TUWIEN
FL-1102439,Europe,France,FRA,typo,WIKI,M.H,TUWIEN
FL-1102436,Africa,Tanzania,TZA,typo,WIKI,M.H,TUWIEN
FL-1102411,Europe,France,FRA,typo,WIKI,M.H,TUWIEN
FL-1102465,South America,Brazil,BRA,typo,WIKI,M.H,TUWIEN
FL-1102504,Asia,Philippines,PHL,typo,WIKI,M.H,TUWIEN
FL-1102496,Asia,Iran,IRN,typo,WIKI,M.H,TUWIEN
FL-1102493,Europe,Bosnia & Herzegovina,BIH,typo,WIKI,M.H,TUWIEN
FL-1102490,Africa,Côte d'Ivoire,CIV,typo,WIKI,M.H,TUWIEN
FL-1102484,North America,United States,USA,typo,WIKI,M.H,TUWIEN
FL-1102481,Asia,Syria,SYR,typo,WIKI,M.H,TUWIEN
FL-1102462,Asia,Türkiye,TUR,typo,WIKI,M.H,TUWIEN
FL-1102474,Europe,Greece,GRC,typo,WIKI,M.H,TUWIEN
FL-1102555,Africa,Tanzania,TZA,typo,WIKI,M.H,TUWIEN
FL-1102510,Africa,DR Congo,COD,typo,WIKI,M.H,TUWIEN
FL-1102545,Africa,Djibouti,DJI,typo,WIKI,M.H,TUWIEN
FL-1102532,Asia,Iran,IRN,typo,WIKI,M.H,TUWIEN
FL-1102514,North America,United States,USA,typo,WIKI,M.H,TUWIEN
FL-1102537,South America,Uruguay,URY,typo,WIKI,M.H,TUWIEN
FL-1102533,Asia,Türkiye,TUR,typo,WIKI,M.H,TUWIEN
FL-1102524,South America,Uruguay,URY,typo,WIKI,M.H,TUWIEN
FL-1102517,Europe,Croatia,HRV,typo,WIKI,M.H,TUWIEN
FL-1102516,Africa,Rwanda,RWA,typo,WIKI,M.H,TUWIEN
FL-1102511,Asia,Türkiye,TUR,typo,WIKI,M.H,TUWIEN
FL-1102594,North America,United States,USA,typo,WIKI,M.H,TUWIEN
FL-1102639,Africa,Comoros,COM,typo,WIKI,M.H,TUWIEN
FL-1102586,Asia,Türkiye,TUR,typo,WIKI,M.H,TUWIEN
FL-1102587,Africa,Mauritius,MUS,typo,WIKI,M.H,TUWIEN
FL-1102588,Africa,Somalia,SOM,typo,WIKI,M.H,TUWIEN
FL-1102582,Asia,Bahrain,BHR,typo,WIKI,M.H,TUWIEN
FL-1102570,Asia,Iran,IRN,typo,WIKI,M.H,TUWIEN
FL-1102562,Africa,South Africa,ZAF,typo,WIKI,M.H,TUWIEN
FL-1102560,Africa,DR Congo,COD,typo,WIKI,M.H,TUWIEN
FL-1102556,North America,United States,USA,typo,WIKI,M.H,TUWIEN
FL-1102625,Africa,Sudan,SDN,typo,WIKI,M.H,TUWIEN
FL-1102563,Europe,Spain,ESP,typo,WIKI,M.H,TUWIEN
FL-1102649,Asia,Philippines,PHL,typo,WIKI,M.H,TUWIEN
FL-1102642,Europe,Serbia,SRB,typo,WIKI,M.H,TUWIEN
FL-1102644,Europe,Spain,ESP,typo,WIKI,M.H,TUWIEN
FL-1102640,Africa,Comoros,COM,typo,WIKI,M.H,TUWIEN
FL-1102626,Asia,Iran,IRN,typo,WIKI,M.H,TUWIEN
FL-1102624,Oceania,Fiji,FJI,typo,WIKI,M.H,TUWIEN
FL-1102615,Europe,Greece,GRC,typo,WIKI,M.H,TUWIEN
FL-1102614,Europe,Italy,ITA,typo,WIKI,M.H,TUWIEN
FL-1102610,Europe,Czech Republic,CZE,typo,WIKI,M.H,TUWIEN
FL-1102606,Europe,Serbia,SRB,typo,WIKI,M.H,TUWIEN
FL-1102603,Europe,Netherlands,NLD,typo,WIKI,M.H,TUWIEN
FL-1102745,Africa,Senegal,SEN,typo,WIKI,M.H,TUWIEN
FL-1102738,North America,Barbados,BRB,typo,WIKI,M.H,TUWIEN
FL-1102729,Europe,Serbia,SRB,typo,WIKI,M.H,TUWIEN
FL-1102724,Europe,North Macedonia,MKD,typo,WIKI,M.H,TUWIEN
FL-1102726,Asia,Iran,IRN,typo,WIKI,M.H,TUWIEN
FL-1102718,Europe,Bosnia & Herzegovina,BIH,typo,WIKI,M.H,TUWIEN
FL-1102709,Africa,Comoros,COM,typo,WIKI,M.H,TUWIEN
FL-1102708,Asia,Türkiye,TUR,typo,WIKI,M.H,TUWIEN
FL-1102694,Asia,Japan,JPN,typo,WIKI,M.H,TUWIEN
FL-1102685,North America,El Salvador,SLV,typo,WIKI,M.H,TUWIEN
FL-1102682,Europe,Spain,ESP,typo,WIKI,M.H,TUWIEN
FL-1102680,Asia,Türkiye,TUR,typo,WIKI,M.H,TUWIEN
FL-1102686,Africa,DR Congo,COD,typo,WIKI,M.H,TUWIEN
FL-1102690,Europe,Bosnia & Herzegovina,BIH,typo,WIKI,M.H,TUWIEN
FL-1102665,Europe,Czech Republic,CZE,typo,WIKI,M.H,TUWIEN
FL-1102662,Europe,Portugal,PRT,typo,WIKI,M.H,TUWIEN
FL-1102805,Europe,Czech Republic,CZE,typo,WIKI,M.H,TUWIEN
FL-1102793,Africa,Congo-Brazzaville,COG,typo,WIKI,M.H,TUWIEN
FL-1102786,Asia,Türkiye,TUR,typo,WIKI,M.H,TUWIEN
FL-1102781,Europe,Estonia,EST,typo,WIKI,M.H,TUWIEN
FL-1102772,Asia,Türkiye,TUR,typo,WIKI,M.H,TUWIEN
FL-1102773,Africa,Cameroon,CMR,typo,WIKI,M.H,TUWIEN
FL-1102769,North America,Trinidad & Tobago,TTO,typo,WIKI,M.H,TUWIEN
FL-1102768,North America,Panama,PAN,typo,WIKI,M.H,TUWIEN
FL-1102759,Asia,Iran,IRN,typo,WIKI,M.H,TUWIEN
FL-1102750,Europe,Czech Republic,CZE,typo,WIKI,M.H,TUWIEN
FL-1102742,Asia,Türkiye,TUR,typo,WIKI,M.H,TUWIEN
FL-1102859,North America,United States,USA,typo,WIKI,M.H,TUWIEN
FL-1102865,Africa,Congo-Brazzaville,COG,typo,WIKI,M.H,TUWIEN
FL-1102857,Asia,Türkiye,TUR,typo,WIKI,M.H,TUWIEN
FL-1102846,Asia,Thailand,THA,typo,WIKI,M.H,TUWIEN
FL-1102845,Asia,North Korea,PRK,typo,WIKI,M.H,TUWIEN
FL-1102832,North America,British Virgin Islands,VGB,typo,WIKI,M.H,TUWIEN
FL-1102825,Asia,Maldives,MDV,typo,WIKI,M.H,TUWIEN
FL-1102826,North America,Trinidad & Tobago,TTO,typo,WIKI,M.H,TUWIEN
FL-1102813,Asia,Tajikistan,TJK,typo,WIKI,M.H,TUWIEN
FL-1102815,Africa,Sudan,SDN,typo,WIKI,M.H,TUWIEN
FL-1102922,Asia,Iran,IRN,typo,WIKI,M.H,TUWIEN
FL-1102924,Asia,Philippines,PHL,typo,WIKI,M.H,TUWIEN
FL-1102917,North America,United States,USA,typo,WIKI,M.H,TUWIEN
FL-1102913,Africa,Congo-Brazzaville,COG,typo,WIKI,M.H,TUWIEN
FL-1102910,Asia,Japan,JPN,typo,WIKI,M.H,TUWIEN
FL-1102896,Asia,Türkiye,TUR,typo,WIKI,M.H,TUWIEN
FL-1102899,Europe,Austria,AUT,typo,WIKI,M.H,TUWIEN
FL-1102902,Europe,Poland,POL,typo,WIKI,M.H,TUWIEN
FL-1102897,Asia,Bangladesh,BGD,typo,WIKI,M.H,TUWIEN
FL-1102883,Europe,Croatia,HRV,typo,WIKI,M.H,TUWIEN
FL-1102982,Africa,Congo-Brazzaville,COG,typo,WIKI,M.H,TUWIEN
FL-1102979,South America,Uruguay,URY,typo,WIKI,M.H,TUWIEN
FL-1102969,North America,United States,USA,typo,WIKI,M.H,TUWIEN
FL-1102980,Asia,Iran,IRN,typo,WIKI,M.H,TUWIEN
FL-1102952,Asia,Philippines,PHL,typo,WIKI,M.H,TUWIEN
FL-1102968,Africa,DR Congo,COD,typo,WIKI,M.H,TUWIEN
FL-1102963,Africa,Congo-Brazzaville,COG,typo,WIKI,M.H,TUWIEN
FL-1102949,North America,United States,USA,typo,WIKI,M.H,TUWIEN
FL-1102939,Europe,Ireland,IRL,typo,WIKI,M.H,TUWIEN
FL-1102966,Africa,Côte d'Ivoire,CIV,typo,WIKI,M.H,TUWIEN
FL-1102933,Europe,Bosnia & Herzegovina,BIH,typo,WIKI,M.H,TUWIEN
FL-1102929,Africa,Liberia,LBR,typo,WIKI,M.H,TUWIEN
FL-1103025,Asia,Indonesia,IDN,typo,WIKI,M.H,TUWIEN
FL-1103020,South America,Bolivia,BOL,typo,WIKI,M.H,TUWIEN
FL-1103024,Africa,Tanzania,TZA,typo,WIKI,M.H,TUWIEN
FL-1103019,North America,United States,USA,typo,WIKI,M.H,TUWIEN
FL-1103022,Europe,Ireland,IRL,typo,WIKI,M.H,TUWIEN
FL-1103014,Asia,Türkiye,TUR,typo,WIKI,M.H,TUWIEN
FL-1103011,North America,Haiti,HTI,typo,WIKI,M.H,TUWIEN
FL-1103013,Asia,Thailand,THA,typo,WIKI,M.H,TUWIEN
FL-1103003,Europe,Italy,ITA,typo,WIKI,M.H,TUWIEN
FL-1103009,North America,Grenada,GRD,typo,WIKI,M.H,TUWIEN
FL-1102998,Asia,Philippines,PHL,typo,WIKI,M.H,TUWIEN
FL-1102990,North America,United States,USA,typo,WIKI,M.H,TUWIEN
FL-1102994,Europe,Portugal,PRT,typo,WIKI,M.H,TUWIEN
FL-1103061,Europe,Greece,GRC,typo,WIKI,M.H,TUWIEN
FL-1103064,North America,Haiti,HTI,typo,WIKI,M.H,TUWIEN
FL-1103058,Asia,Türkiye,TUR,typo,WIKI,M.H,TUWIEN
FL-1103051,Asia,Maldives,MDV,typo,WIKI,M.H,TUWIEN
FL-1103039,Europe,Italy,ITA,typo,WIKI,M.H,TUWIEN
FL-1103045,North America,United States,USA,typo,WIKI,M.H,TUWIEN
FL-1103041,Asia,Türkiye,TUR,typo,WIKI,M.H,TUWIEN
FL-1103124,Africa,DR Congo,COD,typo,WIKI,M.H,TUWIEN
FL-1103105,Africa,Morocco,MAR,typo,WIKI,M.H,TUWIEN
FL-1103099,Asia,Malaysia,MYS,typo,WIKI,M.H,TUWIEN
FL-1103085,Africa,Congo-Brazzaville,COG,typo,WIKI,M.H,TUWIEN
FL-1103084,Asia,Thailand,THA,typo,WIKI,M.H,TUWIEN
FL-1103082,Europe,France,FRA,typo,WIKI,M.H,TUWIEN
FL-1103073,Europe,Greece,GRC,typo,WIKI,M.H,TUWIEN
FL-1103072,Africa,DR Congo,COD,typo,WIKI,M.H,TUWIEN
FL-1103071,Asia,Maldives,MDV,typo,WIKI,M.H,TUWIEN
FL-1103143,North America,United States,USA,typo,WIKI,M.H,TUWIEN
FL-1103118,Africa,Madagascar,MDG,typo,WIKI,M.H,TUWIEN
FL-1103150,Asia,Maldives,MDV,typo,WIKI,M.H,TUWIEN
FL-1103146,North America,Cuba,CUB,typo,WIKI,M.H,TUWIEN
FL-1103106,North America,United States,USA,typo,WIKI,M.H,TUWIEN
FL-1103111,South America,Bolivia,BOL,typo,WIKI,M.H,TUWIEN
FL-1103114,Africa,Tanzania,TZA,typo,WIKI,M.H,TUWIEN
FL-1103210,Africa,DR Congo,COD,typo,WIKI,M.H,TUWIEN
FL-1103172,North America,United States,USA,typo,WIKI,M.H,TUWIEN
FL-1103207,Africa,Tanzania,TZA,typo,WIKI,M.H,TUWIEN
FL-1103191,Europe,Bosnia & Herzegovina,BIH,typo,WIKI,M.H,TUWIEN
FL-1103190,North America,Mexico,MEX,typo,WIKI,M.H,TUWIEN
FL-1103182,Europe,Czech Republic,CZE,typo,WIKI,M.H,TUWIEN
FL-1103169,South America,Venezuela,VEN,typo,WIKI,M.H,TUWIEN
FL-1103184,Asia,Iran,IRN,typo,WIKI,M.H,TUWIEN
FL-1103176,Asia,Türkiye,TUR,typo,WIKI,M.H,TUWIEN
FL-1103163,Asia,Armenia,ARM,typo,WIKI,M.H,TUWIEN
FL-1103157,Africa,DR Congo,COD,typo,WIKI,M.H,TUWIEN
FL-1103228,North America,United States,USA,typo,WIKI,M.H,TUWIEN
FL-1103255,Africa,DR Congo,COD,typo,WIKI,M.H,TUWIEN
FL-1103238,Europe,Czech Republic,CZE,typo,WIKI,M.H,TUWIEN
FL-1103237,Europe,Bosnia & Herzegovina,BIH,typo,WIKI,M.H,TUWIEN
FL-1103236,Africa,South Africa,ZAF,typo,WIKI,M.H,TUWIEN
FL-1103208,North America,Panama,PAN,typo,WIKI,M.H,TUWIEN
FL-1103290,Africa,Côte d'Ivoire,CIV,typo,WIKI,M.H,TUWIEN
FL-1103292,Asia,Thailand,THA,typo,WIKI,M.H,TUWIEN
FL-1103282,Asia,Türkiye,TUR,typo,WIKI,M.H,TUWIEN
FL-1103275,Africa,Tanzania,TZA,typo,WIKI,M.H,TUWIEN
FL-1103261,Europe,Serbia,SRB,typo,WIKI,M.H,TUWIEN
FL-1103339,North America,United States,USA,typo,WIKI,M.H,TUWIEN
FL-1103341,South America,Colombia,COL,typo,WIKI,M.H,TUWIEN
FL-1103331,North America,Mexico,MEX,typo,WIKI,M.H,TUWIEN
FL-1103357,Europe,France,FRA,typo,WIKI,M.H,TUWIEN
FL-1103349,Europe,Czech Republic,CZE,typo,WIKI,M.H,TUWIEN
FL-1103345,Europe,Spain,ESP,typo,WIKI,M.H,TUWIEN
FL-1103342,Europe,Andorra,AND,typo,WIKI,M.H,TUWIEN
FL-1103338,Europe,North Macedonia,MKD,typo,WIKI,M.H,TUWIEN
FL-1103333,Africa,Cameroon,CMR,typo,WIKI,M.H,TUWIEN
FL-1103329,Africa,DR Congo,COD,typo,WIKI,M.H,TUWIEN
FL-1103315,Asia,Philippines,PHL,typo,WIKI,M.H,TUWIEN
FL-1103327,North America,Trinidad & Tobago,TTO,typo,WIKI,M.H,TUWIEN
FL-1103324,Africa,Côte d'Ivoire,CIV,typo,WIKI,M.H,TUWIEN
FL-1103310,Asia,Türkiye,TUR,typo,WIKI,M.H,TUWIEN
FL-1103366,North America,United States,USA,typo,WIKI,M.H,TUWIEN
FL-1103422,Asia,Türkiye,TUR,typo,WIKI,M.H,TUWIEN
FL-1103403,Europe,Czech Republic,CZE,typo,WIKI,M.H,TUWIEN
FL-1103547,North America,United States,USA,typo,WIKI,M.H,TUWIEN
FL-1103395,Asia,Türkiye,TUR,typo,WIKI,M.H,TUWIEN
FL-1103379,Asia,Iran,IRN,typo,WIKI,M.H,TUWIEN
FL-1103425,North America,Mexico,MEX,typo,WIKI,M.H,TUWIEN
FL-1103443,Europe,Italy,ITA,typo,WIKI,M.H,TUWIEN
FL-1103474,Europe,Slovenia,SVN,typo,WIKI,M.H,TUWIEN
FL-1103501,Africa,The Gambia,GMB,typo,WIKI,M.H,TUWIEN
FL-1103468,Africa,DR Congo,COD,typo,WIKI,M.H,TUWIEN
FL-1103465,Europe,Czech Republic,CZE,typo,WIKI,M.H,TUWIEN
FL-1103449,Europe,North Macedonia,MKD,typo,WIKI,M.H,TUWIEN
FL-1103448,Europe,Bosnia & Herzegovina,BIH,typo,WIKI,M.H,TUWIEN
FL-1103469,Africa,DR Congo,COD,typo,WIKI,M.H,TUWIEN
FL-1103461,Africa,Cape Verde,CPV,typo,WIKI,M.H,TUWIEN
FL-1103500,North America,United States,USA,typo,WIKI,M.H,TUWIEN
FL-1103530,Europe,Ukraine,UKR,typo,WIKI,M.H,TUWIEN
FL-1103512,Europe,Spain,ESP,typo,WIKI,M.H,TUWIEN
FL-1103526,North America,Haiti,HTI,typo,WIKI,M.H,TUWIEN
FL-1103520,Europe,Iceland,ISL,typo,WIKI,M.H,TUWIEN
FL-1103513,Asia,Türkiye,TUR,typo,WIKI,M.H,TUWIEN
FL-1103519,North America,Haiti,HTI,typo,WIKI,M.H,TUWIEN
FL-1103493,Europe,Spain,ESP,typo,WIKI,M.H,TUWIEN
FL-1103580,North America,United States,USA,typo,WIKI,M.H,TUWIEN
FL-1103582,Europe,Portugal,PRT,typo,WIKI,M.H,TUWIEN
FL-1103578,Europe,North Macedonia,MKD,typo,WIKI,M.H,TUWIEN
FL-1103568,Asia,Philippines,PHL,typo,WIKI,M.H,TUWIEN
FL-1103576,Asia,China,CHN,typo,WIKI,M.H,TUWIEN
FL-1103573,Asia,Türkiye,TUR,typo,WIKI,M.H,TUWIEN
FL-1103562,Africa,DR Congo,COD,typo,WIKI,M.H,TUWIEN
FL-1103557,Europe,France,FRA,typo,WIKI,M.H,TUWIEN
FL-1103550,Europe,Bulgaria,BGR,typo,WIKI,M.H,TUWIEN
FL-1103638,Asia,Türkiye,TUR,typo,WIKI,M.H,TUWIEN
FL-1103644,South America,Brazil,BRA,typo,WIKI,M.H,TUWIEN
FL-1103642,North America,Panama,PAN,typo,WIKI,M.H,TUWIEN
FL-1103639,Europe,Serbia,SRB,typo,WIKI,M.H,TUWIEN
FL-1103628,North America,Mexico,MEX,typo,WIKI,M.H,TUWIEN
FL-1103637,Europe,North Macedonia,MKD,typo,WIKI,M.H,TUWIEN
FL-1103614,North America,United States,USA,typo,WIKI,M.H,TUWIEN
FL-1103619,Europe,Montenegro,MNE,typo,WIKI,M.H,TUWIEN
FL-1103608,Asia,Iran,IRN,typo,WIKI,M.H,TUWIEN
FL-1103617,Europe,Slovenia,SVN,typo,WIKI,M.H,TUWIEN
FL-1103604,Africa,DR Congo,COD,typo,WIKI,M.H,TUWIEN
FL-1103596,Oceania,Australia,AUS,typo,WIKI,M.H,TUWIEN
FL-1103599,Africa,DR Congo,COD,typo,WIKI,M.H,TUWIEN
FL-1103692,North America,United States,USA,typo,WIKI,M.H,TUWIEN
FL-1103693,Africa,Tanzania,TZA,typo,WIKI,M.H,TUWIEN
FL-1103690,Asia,Iran,IRN,typo,WIKI,M.H,TUWIEN
FL-1103657,North America,United States,USA,typo,WIKI,M.H,TUWIEN
FL-1103674,Africa,South Africa,ZAF,typo,WIKI,M.H,TUWIEN
FL-1103660,Africa,DR Congo,COD,typo,WIKI,M.H,TUWIEN
FL-1103661,Europe,Ireland,IRL,typo,WIKI,M.H,TUWIEN
FL-1103663,Asia,Malaysia,MYS,typo,WIKI,M.H,TUWIEN
FL-1103654,Asia,Iran,IRN,typo,WIKI,M.H,TUWIEN
FL-1103646,Asia,Indonesia,IDN,typo,WIKI,M.H,TUWIEN
FL-1103724,Africa,Tunisia,TUN,typo,WIKI,M.H,TUWIEN
FL-1103714,Africa,DR Congo,COD,typo,WIKI,M.H,TUWIEN
FL-1103707,Europe,Belgium,BEL,typo,WIKI,M.H,TUWIEN
FL-1103722,Asia,Indonesia,IDN,typo,WIKI,M.H,TUWIEN
FL-1103704,Europe,North Macedonia,MKD,typo,WIKI,M.H,TUWIEN
FL-1103699,North America,Dominican Republic,DOM,typo,WIKI,M.H,TUWIEN
FL-1103698,Europe,Bosnia & Herzegovina,BIH,typo,WIKI,M.H,TUWIEN
